"Boyd, Thomas and Hayes","8909 Aguilar Village Suite 403, North Aaron, KS 05456-7446"
Fisher-Drake,"19338 Parker Green Suite 336, Lake Kimberly, TX 00652-7366"
Cruz-Hudson,"USNV Patel, FPO AA 52413-8440"
Johnson-Vega,"99963 Tomson Pt, Ramseyburgh, KS 55309"
"Jennings, Garcia and Franco","409 Robinson Fields, East Richardborough, SD 89715"
"Thompson, Holmes and Stein","69933 Fowler Trafficway Suite 099, Port Christinehaven, AK 83769-1929"
Lewis-Carlson,"7801 Catherine Loaf Suite 192, Santiagofurt, TX 29132-3610"
Smith-Kemp,"57552 Kayla Cape, Jesuston, WA 08219-9525"
Lawson-Collins,"0036 Allison Knolls, West Jenniferland, CT 08646"
Rivera-King,"1399 Matthew Lock, Gardnerside, MN 62559"
"May, Chen and Nguyen","47507 Scott Track, West Cindy, WY 64713-0081"
Russell-Peters,"070 Bryan Via, East Lorifort, ID 87423-5981"
Patterson Group,"285 Scott Fort Apt. 721, East Jenniferfort, DC 20832"
"Stanton, Brown and Hernandez","8974 Aaron Square, West Charles, SD 92583"
"Pearson, Solis and Wood","560 Deleon Center Suite 092, Isaacville, AZ 11783-8844"
"Sanders, King and Cowan","02125 Brown Stream, East Ryanbury, MS 74141"
"Jackson, Smith and Moss","71547 Allen Parkway Apt. 424, Timothyland, MH 55141"
"Cooper, Harris and Byrd","7612 Matthew Bridge Apt. 130, Port Daniel, MH 34822"
"Mcdowell, Farmer and Grimes","4282 Christopher Keys Apt. 125, East Noahmouth, GU 55024"
"Lester, Miller and Ortega","747 Martin Corners, Banksfurt, AZ 78805-6946"
French and Sons,"780 Martin Glen, East Sandra, OH 77026"
"Dean, Jackson and Brown","3057 Lawrence Loaf, East Maryville, MP 32186-6300"
Hoffman Group,"020 Camacho River, Berrybury, GA 70124-2026"
Jones-Richardson,"Unit 0594 Box 5667, DPO AA 94281-7522"
Hall-Jimenez,"607 Brewer Grove, Port Crystalview, OK 91787-7881"
Jones and Sons,"607 Moody Hl, #996, E Jennytown, DC 70760"
Nelson-Kim,"4537 Pruitt Shoal, South Julianhaven, WI 20292"
"Smith, Jones and Page","USCGC Butler, FPO AA 13966"
"Horn, Morris and Kent","76085 Lopez Cove Apt. 340, Christinefort, VT 84202-9827"
"Webb, Gonzales and Edwards","PSC 8204, Box 0523, APO AA 99428-5706"
"Long, Lyons and Davis","5537 Kane Ranch Apt. 455, East Dean, GU 73365"
"Ortiz, Sullivan and Green","972 Gibson Plaza Apt. 745, Lake Bethfort, SC 75132"
"Torres, Lang and Pineda","13599 King Skyway, New Carloston, VA 23941-6350"
Webb and Sons,"Unit 4949 Box 5694, DPO AE 70539-0500"
Jackson-Hardy,"5279 Padilla Ports, Jeffreyborough, AS 35039-8475"
Jimenez-Williams,"61069 John Locks, Danland, NV 96013-1009"
"Roberts, Hunt and Mullen","39375 Harding Park Apt. 089, North Stephaniemouth, ND 83976-0609"
Sandoval Group,"99179 Anthony Prairie Apt. 001, New Joanne, IL 36182-6498"
"Howard, Beck and Lyons","78650 Mark Roads, New Angela, DE 05475-5822"
Forbes Inc,"29072 Williams Heights Apt. 053, North Cory, TX 93721"
Chan and Sons,"934 Matthew Spring, New Benjamin, WY 42947"
"Potter, Huffman and Curtis","58629 Montgomery Valleys Suite 675, Rebeccaland, AK 88871-5053"
"Elliott, Whitehead and Savage","8645 Perry Keys Suite 156, Judithport, FL 97686"
"Ramirez, Wang and Lester","7647 Mcbride Drives Apt. 169, South Monique, AS 83874"
Ramos Inc,"42850 Elizabeth Stream Suite 569, East Briantown, NE 63438"
"Wilson, Horton and Cordova","347 Jenkins Station Suite 032, Churchfurt, MI 85203-1117"
Nichols PLC,"635 Amber Park Apt. 079, Jasminefort, OK 28864"
Martin-Alexander,"8205 Susan Square, East Emilyhaven, GU 04099"
Smith-Crane,"5159 Michelle Village, Craigstad, GU 10335-3162"
Hall Group,"523 Hansen Forge, Jordanville, VA 74346-5810"
"Silva, Brown and Chang","27148 Ramirez Tpk #454, E Daniel, ME 53518"
"Braun, Bright and Phillips","005 Taylor Fort, Reyesbury, AL 95014"
Adams and Sons,"543 Carrie Locks, North Catherine, NC 95900"
"Hernandez, Rangel and Page","98608 Coffey Mission Suite 379, Danielburgh, DC 49519"
Guzman-Jackson,"53738 Taylor Mall, South Meredith, MI 87359-7303"
Lucas Inc,"2195 Kathryn Creek Suite 769, East Jennifer, IA 44013"
"Zimmerman, Carter and Wheeler","380 Thompson Park Apt. 554, Hugheshaven, DE 16373"
"Sexton, Williams and Bennett","05205 Jones Ports Apt. 859, Port Heather, NH 47488"
"Medina, Berger and Ramsey","78873 Angela Squares Suite 729, New Ashleychester, KS 71013-4482"
"Chung, Mason and Bailey","7572 Morgan Mission, East Kimberly, KY 43149"
"Arias, Peterson and Martin","5850 Todd Turnpike Suite 493, Lake Matthewmouth, SC 62879"
Leblanc-Colon,"USCGC Davis, FPO AE 41764-1177"
Sosa-Brown,"PSC 5977, Box 2948, APO AA 55799-0978"
Burch Group,"3116 Smith Field, North Nicoleside, WA 88498-8435"
"Smith, Alvarez and Holmes","7805 Christian Port Apt. 252, West Jamesfort, VI 04999-4701"
Montgomery PLC,"3482 Marsh Springs Suite 529, Morganmouth, MD 39988"
Glenn PLC,"46557 Michelle Station, Brownfort, ND 04202-1154"
Carroll Ltd,"129 Julie Causeway, Port Aprilchester, NJ 63724-7419"
Carrillo-Lane,"845 Long Pine Apt. 349, Hurleyhaven, AZ 93750"
Carney LLC,"86573 Weber Isle, Bartonview, NE 57553"
"Curtis, Mays and Spears","935 Harris Hwy Apt184, N Leonard, VI 26461"
Knight-Garcia,"8995 Jennifer Radial, Jacksonhaven, NM 72073"
Stephens Group,"89700 Fitzgerald Shoal Apt. 708, Mendezstad, ME 84064"
"Olson, Smith and Johnson","363 Michael Viaduct Suite 745, North Casey, FM 13918-2068"
Davis Ltd,"366 Ayala Bypass, Francisside, SD 41640"
Pena PLC,"05740 Jonathan Orchard Apt. 194, Chapmantown, SC 97625-0350"
Guerra PLC,"32980 Hamilton Walk Suite 235, East Tanyamouth, MN 02191-0076"
Thompson-Bailey,"162 Wright Spring, North Anthony, OK 94306-7180"
Hopkins-Holt,"314 Thompson Harbors Apt. 371, North Veronicatown, CA 30754-3225"
Gonzalez Inc,"473 David Meadows, Christiemouth, OR 76110-4184"
"Hall, Dyer and Sosa","66778 Carter Union, Angelamouth, IA 09974"
"Hines, Holmes and Kelly","2462 Dakota Glen Suite 754, Robertfurt, VA 28265-0486"
Hicks Inc,"04499 Benjamin Way Apt. 594, East Erin, SD 06950"
Oneill Group,"295 Cindy Land Suite 474, Jessicaview, PA 37843-1829"
Wilson-Lucero,"17495 Alicia Extension Suite 226, East Nicole, NE 95851-2178"
Dudley Ltd,"25705 Patricia Stream Apt. 094, West Benjaminshire, IL 52401"
Flores-Martinez,"223 Megan Plaza Suite 575, Elizabethbury, UT 69653"
Myers-Vasquez,"85190 Lori Vista Apt. 665, Piercemouth, IA 41132-2280"
"Graham, Mccoy and Miller","Unit 1010 Box 9678, DPO AA 75699-3596"
"Williamson, Ryan and Jackson","016 Randy Extension Suite 475, Jermaineland, NY 15274"
Haynes and Sons,"41168 Beck Park Suite 339, Rhodesborough, NE 31903"
Fisher-Jones,"529 John Tunnel, East Calebland, GA 65609"
"Thomas, Smith and Tucker","22865 Yoder Plains Suite 337, New Shannonfurt, ID 96600"
Smith Group,"USCGC Bray, FPO AP 13065-5422"
Norris Group,"336 Bradley Tunnel Suite 232, Jeffreyhaven, HI 47152-7275"
Orr LLC,"5365 Williams Ctr Ste 343, Hughesfurt, SC 78140"
Nelson-Cunningham,"4839 Branch Keys Suite 515, Ruizberg, MI 50064"
Manning and Sons,"9042 Mcintyre Coves Suite 122, Franklinhaven, MI 35813-5845"
"Davis, Carter and Horton","5711 Jason Throughway Apt. 860, New Sean, RI 82711-1428"
Rodriguez Inc,"3704 Wilson Estate Suite 490, Rileyborough, MD 06918"
Abbott-Campbell,"876 Jacob Falls, Robinborough, NH 98659-0242"
Johnson-Newton,"74333 William Trail Apt. 309, Nicolemouth, PR 32558-8844"
"Cain, Hernandez and Turner","89815 Tiffany Forge, Lake Gailmouth, MN 52178"
Burns-Green,"678 Dawson Mills Apt. 446, Johnstad, MH 30974"
Allen-Tran,"15853 Tom Manors, North Christopher, NE 94476"
Holland-Cunningham,"002 Berger Forges, North Joelmouth, GA 20033-2308"
Nelson-Weaver,"96241 Freeman Forge, Alexandraville, CA 37858-8707"
Harris PLC,"532 Gonzalez Cliffs Suite 654, Deborahland, SC 23473-9347"
Ibarra Inc,"80380 Dunn Summit, Rowlandchester, UT 53266-6692"
Lee Inc,"7268 Rodriguez Estate, South Thomas, DC 34875-4013"
Vasquez-Clark,"81092 Jonathan Junction Apt. 217, Lake Heather, MO 17433"
Pratt-Mcmillan,"85438 Wang Village Apt. 271, West Willieside, FM 87911-6452"
Williams Ltd,"Unit 3670 Box 4488, DPO AE 37909"
"Burns, Hall and Gonzalez","69706 Beverly Road Apt. 094, Elizabethchester, AZ 16974"
"Dunn, Morris and Anderson","Unit 7316 Box 6925, DPO AP 55449"
Hayes Inc,"1166 Parker Park, Smithmouth, PW 43158-4669"
"Hernandez, Silva and Richards","5942 Whitehead Port Apt. 905, Taylorbury, NH 92929-0788"
Wright Inc,"123 Catherine Summit, Shannonmouth, SD 05735"
"Hensley, Sanchez and Pena","4772 James Path Apt. 223, East Shawnmouth, VT 46633"
Stokes-Velez,"1926 Shannon Groves, South Tarastad, KY 17071"
"Chen, Huerta and Lee","045 Nicole Summit Apt. 357, Emilyland, TX 80311"
Bradford LLC,"4414 Hall Trace, New Margaret, AR 02288-8833"
"Pineda, Newton and Cordova","7416 Hunter Camp, New Eric, CA 37454-6978"
"Flynn, Small and Freeman","0270 Michael Centers, West Matthewton, FM 18784"
Thomas Group,"1915 Harry Estates Apt. 820, North Aaronbury, VA 07172"
"Aguilar, Harrison and Ramirez","003 Jennifer Ferry Suite 435, North Juliashire, PA 35368-2325"
Barnes-Boyd,"20027 Garcia Manor Apt. 513, West David, OH 10989"
"Walker, Hernandez and Duarte","2388 Shawn Cliffs, Fullerfurt, DC 94439"
Blanchard Ltd,"011 Green Circle, North Jody, CA 50799-7651"
Romero Group,"03109 Wood Crescent Suite 001, West Joshua, PR 34378"
Navarro-Santana,"0708 Amanda Ways Suite 818, Port Travis, AS 83390-2719"
Koch-Ramos,"415 Johnson Mission, Kimborough, WY 12628"
"Johnson, Stevens and Moore","30470 Anderson Port, Moralesmouth, CA 01259"
"Scott, Schultz and Ryan","61518 Manning Lodge, East Julie, WV 06315"
"Dillon, Mendoza and Arnold","4398 Jason Track, Thompsonhaven, MA 23451-3084"
Thompson PLC,"PSC 6451, Box 2643, APO AP 29734-9790"
Peterson Group,"822 Katherine Light Suite 287, West Laura, OR 15697"
Johnson-Miller,"511 Brown Corner, Contrerasberg, DC 36495-7272"
"Wilkinson, Fleming and Wood","3315 Singleton Throughway, North Kyle, AL 45193"
Sanders and Sons,"399 Sherry Motorway Apt. 062, Kimberlyberg, TX 18433"
Mann-Taylor,"270 Herman Lodge, West Morgan, IL 09075"
"Hernandez, Nguyen and Russell","Unit 8592 Box 4453, DPO AA 05555"
Jones LLC,"PSC 2850, Box 4478, APO AP 11935"
Terry-Sparks,"7890 Kristin Path Apt. 242, Jessicafort, IA 95772"
Vazquez LLC,"17207 Osborn Shoal Apt. 412, Mistyville, NY 46966-2294"
"Oneal, Moran and Richardson","303 Erica Station Apt. 424, Timothyfort, SC 18784"
Hill Group,"62676 David Dale, Victoriafort, NH 57779"
Smith-Larson,"4922 Schaefer Station Suite 106, South John, OK 40075-5996"
"Greene, Howard and Clark","USNS Shelton, FPO AE 40289"
Reynolds-Jones,"247 Roman Well Suite 568, Williamburgh, RI 10569"
"Jackson, Mejia and Thompson","33414 Amber Branch Suite 637, Ramseyburgh, AL 08415-0992"
"Brock, Morrison and Brown","46292 Regina Station Apt. 984, North Scottshire, AR 18460-9426"
Williams-Jones,"41430 James Mount, South Christopherborough, CA 34313-2099"
Moses-Nelson,"209 Nicole Crossing Apt. 277, South Tylerburgh, GA 74699-3533"
Hernandez PLC,"61885 Williams Squares Suite 362, South Kathleenstad, SD 41619"
Jones-Bates,"3707 Elizabeth Alley, Moorestad, AZ 50186-3992"
"Johnson, Ayala and Bowen","5127 Betty Plaza, South Timothy, CA 93542-3247"
Bowman LLC,"6217 Gates River Suite 411, Fullerside, MT 30336"
Carter-Cruz,"266 Erica Glen, North Jacobland, IN 64330"
Johnson Ltd,"4209 Blanchard Hill, New Samuelside, AR 54553"
Schultz-Harris,"206 Scott Curve Apt. 201, New Paul, CA 20100"
Harris-Wright,"17844 Walker Squares Suite 495, Mooreton, WV 33346"
Ruiz Ltd,"934 Page Mission, Johnsonside, IL 47969-7822"
Moore and Sons,"1630 Brian Stravenue, Catherinetown, VA 20560"
Parker-Hart,"PSC 6386, Box 4846, APO AP 03273"
Torres-Cunningham,"0053 Mcpherson Path, Khanfurt, MP 88940"
King-Hernandez,"81353 Dillon Wells, New Latoyahaven, AZ 50859-5198"
West-Jordan,"7570 Juan Corner Apt. 911, Tannerfurt, AS 14631"
"Hutchinson, Stephens and Richards","9879 Montes Forest, East Eric, MN 63641"
"Mcmillan, Willis and Hubbard","USCGC Reynolds, FPO AE 22437-3093"
"Monroe, Carpenter and Hernandez","0818 Ruben Highway Suite 457, Port Brianna, HI 43593"
Mclaughlin Inc,"9178 Ramos Gardens Suite 905, East Anne, ME 59543"
"King, Irwin and Jones","644 Rose Fall, South Audreyville, WI 01088-2194"
Brown-Cannon,"3950 Flores Curve, Thomaschester, MO 30646-7941"
Lopez-Wallace,"700 Simon Valleys, Danielburgh, MT 93679"
"Hardy, Harris and Wong","10337 Mark Springs Apt. 270, Robertton, PW 34391-9695"
Smith LLC,"35550 Juan Tunnel, Onealhaven, VI 14777"
Mccarty-Jones,"440 Yolanda Summit Suite 493, West Christopher, NY 79468-8527"
Carson PLC,"25951 Camacho Plain Apt. 591, Port Sherrystad, NC 85485"
Pierce Group,"0625 Elizabeth Cliff Suite 134, North David, SC 58367"
Matthews and Sons,"850 Bennett Pass, Elizabethfort, MI 08762"
"Johnson, Flores and Lee","PSC 9422, Box 8232, APO AA 64979"
Thompson-Johnson,"68468 Palmer Corner Suite 129, Gonzalezland, SC 43844-6219"
"Hart, Marsh and Evans","662 Peterson Place Suite 546, East Robertport, WY 81924"
King Group,"2873 Rebecca Circle, East Victor, MP 90872"
Acevedo PLC,"88581 Montgomery Underpass, Nelsonchester, SC 02821-2208"
"Owens, Johnson and Garrison","USCGC Garcia, FPO AE 11024-8949"
"Dalton, Rios and Henry","969 Nash Mission Apt. 920, Jonesside, MP 97979"
Acevedo-Bentley,"89099 John Radial Apt. 903, Meredithberg, AK 41782-1824"
Gillespie PLC,"993 Lopez Neck, Josephfurt, PR 35146-5226"
Sanchez Group,"USCGC Walton, FPO AA 02323"
Merritt-Hayes,"429 Jonathan Lodge Apt. 819, New Robert, AZ 37067"
"Walton, Lopez and Black","3896 Dodson Junctions, Williamsmouth, KS 14572-8100"
"Howard, Chavez and Lamb","3521 Taylor Prairie, Snyderchester, MI 64938"
"Stewart, Miles and Parker","52841 Bryant Fields, Donovanmouth, AK 37731-3725"
Bender PLC,"2294 Daniel Cliff, Fisherburgh, VI 11297"
Montgomery-Wise,"178 Thomas Port, Robertton, AZ 67769-1791"
Webb Ltd,"8775 Sanders Lane Suite 175, East Robert, IA 76480"
Irwin Group,"3976 Martin Meadow Apt. 932, Marshmouth, NC 50323-5627"
"Rowe, Pruitt and Bishop","502 Olivia Ville Suite 274, West Johnton, FM 43954"
"Chavez, Burnett and Gomez","USNV Chavez, FPO AP 22605"
"Haynes, Green and Brown","495 Harris Green, Gardnerton, KS 70100"
"Sanchez, Jordan and Jackson","9299 Lewis Shoal Apt. 690, Smithborough, SC 92668-1554"
"Deleon, Campbell and Lawrence","491 Joshua Prairie Suite 773, South Michael, NC 11021-2231"
"Jones, Conway and Reese","USCGC Jackson, FPO AA 98472-0049"
"Rodriguez, Lee and Jones","USNV Mcmillan, FPO AP 32734-5068"
Brooks-Fletcher,"PSC 0304, Box 0085, APO AP 36342"
Velasquez Ltd,"USNV Cordova, FPO AE 71366"
Smith-Stokes,"36285 Gabriel Fords Suite 590, East Nancy, WV 96001-4184"
"Stevens, Torres and Randolph","906 Melvin Estate, Lake Miguelland, NE 94156"
Reid LLC,"9400 Levy Place, New Stanley, SD 57728"
Drake Group,"69921 Robert Greens, Rochabury, AR 22780-8290"
"Wilkins, Anderson and Shannon","18670 Lee Grove Suite 372, Sandraville, NV 70619-4462"
"Simpson, Ayala and Carter","760 Heath Street Suite 894, North Bonniefort, MS 48503-0344"
"Brown, Rodriguez and Casey","40715 Ramirez Keys, Port Veronica, MS 85516-7417"
"Dawson, Adams and Ellis","6258 Fox Crossing, Powersview, WV 35310-4780"
"Frey, Smith and Kelly","11521 David Turnpike Suite 485, New Joseph, WY 36477-5647"
Garcia-Hill,"1765 Gonzalez Cove, Christianport, OR 20833-7098"
Beard-Everett,"77262 Alyssa Port Apt. 460, East Victoria, NV 53102-7316"
"Adams, Johnson and Goodman","51933 Michael Course, Lake Beth, MA 80764-3393"
Lawson-Petty,"1992 Kristen Flat, New Denise, ID 87282-4560"
Hill-Yates,"1369 Jose Crossing, North Andrewstad, NH 97982-7020"
Estrada Ltd,"3387 John Radial Apt. 435, Irwinport, WA 50683"
Hernandez-Mcguire,"5639 Owen Prairie, Hollytown, NH 76190-8243"
Burns-Long,"932 Brandi Glen Apt. 162, Lake Heather, AS 93832"
Cook-Edwards,"7809 Jones Tunnel, Greenstad, MT 79498-8726"
Wolf-Martin,"USNV Ramsey, FPO AP 93400"
"Williams, Fisher and Nelson","781 Amber Rue Suite 368, Port Nancyhaven, KS 28999-1142"
Oliver LLC,"84270 Cathy Court Apt. 318, Angelicaland, MA 06022-2523"
Middleton PLC,"5884 Stephanie Via Apt. 379, Chenmouth, OK 14052-7124"
Day-Maldonado,"PSC 1822, Box 6080, APO AE 94692"
Gray-Gross,"1187 Robert Harbor, New Cynthia, CT 48211"
Thomas Group,"7009 Guy Dale, New Jessicaburgh, PW 21412"
Andrews Group,"833 Nicole Expressway, North Markmouth, VI 70691-4138"
"Collier, Adams and Moore","1693 Jennifer Villages, Lake Cliffordburgh, WI 61443"
Stewart-Cantu,"311 Caitlyn Roads Suite 620, Ericfurt, AZ 26991-2421"
"Jimenez, Casey and Myers","USNS Robles, FPO AE 35219"
Duran Inc,"17592 Cassie Island, Gaymouth, KY 67423-8141"
Hawkins-Graham,"766 Victor Summit, New Robertmouth, AK 70637-5063"
Johnson Group,"600 Miranda Light, Port Lisa, MI 31380"
Parker-Sutton,"935 Baker Garden Suite 655, Port Davidburgh, CT 57076"
Delacruz-Williams,"0500 Mitchell Falls, Pamelaberg, FL 48789-9761"
"Gilmore, Vance and Wagner","30656 Stone Way, Marisamouth, ME 84829"
"Spencer, Young and Ferrell","28828 Thomas Village Suite 087, Nicholeside, OR 04883-9582"
Sanchez-Sutton,"4646 Emily Center, Odonnellburgh, ME 03914-1276"
"Peterson, Cole and Crosby","818 Rojas Court Apt. 459, East Brittney, KS 70623-9798"
"Harris, Zimmerman and Webb","PSC 4875, Box 6417, APO AP 91677-7492"
Garza-Walter,"21819 Gonzalez Mills Apt. 781, Lake Stevenfort, ID 35187-7074"
"Porter, Green and Taylor","01357 Garcia Street Suite 642, Raytown, VI 92014-8395"
"Vasquez, Mathis and Williams","USNS Snow, FPO AP 17113-2283"
Anderson-Miller,"127 Blevins Spurs Suite 720, Hermanchester, FM 17672"
Salazar PLC,"54513 Anthony Wells, West Renee, MI 83206-8036"
Rubio-Bird,"2480 Charles Bridge, Phillipsfort, ND 17023"
Ewing-Fletcher,"307 Francisco Estates, Tanyashire, ID 04961-3119"
Taylor Inc,"6832 Robert Island, North Williamtown, AR 98111-2771"
Simon LLC,"62345 Anderson Crescent, Port Paul, TN 72471-4063"
"Wilson, Tate and Tran","113 Smith Park Suite 964, East Williamport, ME 81178"
Miranda Group,"8272 Cynthia Spur, East Davidside, WY 08745-9050"
Harris Inc,"091 Reyes Trafficway Suite 648, Amandafort, SC 50948-9658"
"Jones, Stephens and Kim","USNS Walker, FPO AP 30445"
Dillon LLC,"060 Keith Islands Apt. 862, Natalieview, NJ 76863-5865"
Williams-Farrell,"293 Valenzuela Brook, New Saraview, SD 44271-5918"
Campbell LLC,"08148 Cynthia Ridges Suite 497, Port Lauren, NC 35572-4787"
"Matthews, Hernandez and Klein","Unit 2881 Box 2744, DPO AA 75153-7416"
Mills-Brown,"32329 Mark Course Apt. 208, Christopherbury, OH 53629"
Garcia-Arellano,"9186 Mata Square Apt. 866, Brewerbury, MD 81564-1698"
"Schneider, Brown and Cox","3813 Hernandez Freeway, West Gabriel, ND 57850"
Schneider PLC,"Unit 6085 Box 1545, DPO AP 57277"
Welch PLC,"2549 Laura Orchard, Kristyland, UT 51642"
Reed-Macias,"USNV Burke, FPO AP 76370"
Lucas PLC,"89434 Pacheco Crest, Rogersmouth, MP 12634"
Rivera Ltd,"USS Casey, FPO AA 28757"
"Skinner, Larsen and Patrick","Unit 8174 Box 1177, DPO AE 13513"
"Higgins, Davidson and Harris","11744 Albert Bridge Suite 297, Greenmouth, OK 59272"
"Cook, Richards and Miller","Unit 7663 Box 9928, DPO AE 66006"
Frazier PLC,"44167 Hinton Creek, Moorechester, PR 39827-0419"
"Oneal, Richardson and Galloway","USCGC Choi, FPO AE 26449-2057"
Tucker LLC,"9238 Gay Village, East Brian, TN 81001"
Peck and Sons,"01998 Hoover Gateway Suite 222, Lewisbury, WA 38728-7597"
Kim-Webster,"USS Soto, FPO AA 18303-3014"
Morales Group,"29032 Hoffman Union, Jillside, CT 64761"
Hart PLC,"960 Sarah Way, Porterchester, RI 47562"
Johnson Inc,"36274 Mcdonald Walks, Erinburgh, TX 37502-7717"
Henry and Sons,"2897 Joy Lock Apt. 556, Victoriatown, AR 52832-5430"
"Short, Lyons and Jackson","7157 Bradley Shore, Port Amanda, IA 56271-0964"
Johnson LLC,"9908 Madison Knolls Suite 599, Freemanmouth, CO 90456"
"Miller, Schmidt and Callahan","54313 Derrick Row, West Gordonfort, GU 30436"
Valentine Ltd,"7923 Sheila Curve Apt. 976, Benjaminhaven, NC 88835-5287"
Jones and Sons,"2037 Russell Tunnel Suite 542, Lake Nicoleberg, NE 14079-7802"
Jones LLC,"8714 Larry Gardens Apt. 119, Nataliemouth, NJ 13337"
"Jenkins, Johnson and Bailey","4178 Nathaniel Highway, Mirandaville, MA 32742-8494"
"Oconnell, Navarro and Lewis","2679 Henderson Trail, Ericstad, MA 23791-3300"
Peters-Reed,"4124 Johnson Avenue, Amandashire, PR 24058-1819"
Smith PLC,"40940 Smith Road, Garrettville, AZ 54475-8849"
Miller PLC,"2750 Dawn Road, Port Cameronside, IL 54138-7524"
Mckinney-Lane,"PSC 8320, Box 6922, APO AA 31590-2622"
Mendoza and Sons,"60655 Jackson Hill Apt. 949, South Jeremiah, NC 63939-5888"
Adams-Meza,"9441 David Island, South Bonnie, AR 56036-1144"
Benson-Chambers,"474 Jeanne Expressway Apt. 957, Kimberlyside, NY 57042"
Morris-Salinas,"4430 Tina Green Suite 398, Gatesstad, AZ 25032-9906"
Davidson and Sons,"Unit 3127 Box 5434, DPO AA 00021"
"Abbott, Dyer and Trevino","441 Thomas Islands, East Jennifer, NJ 81648"
"Mcbride, Compton and Williams","53522 Daniel Isle, Port Christopher, VA 29862"
Vasquez-Jones,"709 Deborah Points, Amandaport, MH 60175-8740"
Torres-Rios,"184 Scott Rue Apt. 020, Lake Charlesland, SD 41746"
Baker-Huff,"980 Peterson Mountains Suite 728, South Henryton, OH 72101-8923"
Cox and Sons,"147 Dana Springs, Guerrerofurt, FM 90247"
Gibson-Baker,"7796 Jacob Road, New Kelseyside, FM 42763"
Brown-Yu,"93166 Dustin Key, Sheltontown, TX 20852-6764"
Kent and Sons,"326 Michael Neck, New Danny, IA 74864-5206"
Norris Ltd,"72605 Dominique Ville Suite 542, Gateshaven, AR 53508"
"Bishop, Davila and Colon","1231 William Spring Suite 458, East Jamesview, KY 67454-2537"
"Morris, Bradley and Garner","4851 Kent Corners Suite 285, Lake Jaredmouth, WY 10574"
Lester-Charles,"45432 Gregory Knoll, West Adamfurt, AK 02976-1723"
"Gutierrez, Hendricks and Hanson","49590 Tiffany Plaza, West Dannyview, PR 62948-6262"
Robinson and Sons,"412 White Stravenue Apt. 563, East John, GU 22369"
Ruiz-Garcia,"6871 Walsh Glens Suite 513, Port Amandaberg, CO 15616-4139"
"Parker, Brown and Paul","5049 Ali Islands, Lake Miketon, WA 94318"
Hickman-Kelly,"478 Martin Mill, Lake Anthonyborough, TX 19767-6209"
"Smith, Allen and Rodriguez","52481 Sarah Isle Suite 195, North Billhaven, AR 77775"
Johnson PLC,"60507 Taylor Turnpike, Lake Stacey, AK 11677"
"Porter, Wong and Roberson","6810 Krystal Trail Suite 588, Guerreroborough, OK 42346-3300"
Brown-Barnes,"70161 Kelly Isle, Lake Madisonborough, VI 21827-8251"
Petersen-Walker,"10892 Kimberly Courts, Timothymouth, VI 40134-0570"
"Farrell, Burton and Hill","74840 Nicholas Lodge, East Matthewstad, NM 06297"
"Hamilton, Shaw and Sanders","382 Johnson Spring, New Monica, AK 51348"
"Hayes, Ramirez and Taylor","8602 Mendoza Crest, South Heatherchester, IA 00612-3910"
Davis-Munoz,"29927 Frye Knoll Suite 797, Mistybury, VA 01281-7468"
Robinson-Pierce,"937 Olivia Points, Lake John, WA 67406-7219"
Adams-Davis,"4382 Rebecca Drive Apt. 665, Wilsonberg, ID 47530-7747"
"Mitchell, Wolfe and Sanders","55570 Charlotte Curve, East Markshire, NY 85929-6100"
"Jackson, Hopkins and Vance","74831 West Ports, North Davidport, WV 04045-3310"
"Frazier, Moore and Davis","1668 Nguyen Gateway Apt. 120, Port Douglas, TN 19609-6235"
"Reynolds, Gardner and Davis","9972 Johnson Wells Apt. 891, New Charles, SD 18611-3193"
Lucas-Thomas,"416 Robert Course, Jodiborough, WI 43587-0323"
"Gonzalez, Warner and Molina","629 Tony Coves, North Catherinechester, PW 44159"
Murphy-Hensley,"33960 Sierra Rapids, South Cynthia, RI 19562"
Johnson-Matthews,"35883 Carter Shoals, West Stephenmouth, MN 86198-5592"
Pineda and Sons,"39416 Charles Views Apt. 582, Greenmouth, UT 24391-4317"
Shaffer-Hickman,"440 Lori Avenue, South Curtisburgh, ME 56124"
Gibson-Williamson,"170 Cox Vista Suite 284, North Juanport, GA 93745"
Roberts-Johnson,"167 Tim Orchard, Lake Phillip, CO 05585-1634"
Baker LLC,"243 Nathan Centers Suite 283, Port Jeffrey, WV 59512-9202"
Gomez-Smith,"78051 Megan Club, South Tracyport, FM 56396"
Vance-Taylor,"Unit 0907 Box 8175, DPO AE 61201-5614"
Osborne-Thompson,"PSC 1373, Box 1876, APO AP 68117-6128"
"Wilson, Young and Love","2444 Woods Place, New Billy, MA 96697-6596"
Powell-Stewart,"PSC 1728, Box 0489, APO AA 70740"
Morales-Wilson,"145 Christopher Route, Greenborough, VA 50117-2930"
Stephens Inc,"937 Guerra Pine, East Luistown, CA 74803-6017"
Fitzpatrick Group,"0448 Lewis Well, Port Davidchester, MO 05118-1001"
Wright and Sons,"24607 Robert Isle, Mooreburgh, VI 92333"
"Hill, Perez and Bradley","PSC 8007, Box 9187, APO AP 69018"
Ramirez Inc,"PSC 4334, Box 5437, APO AE 44126"
Barnett-Thomas,"592 Frazier Rapids, East Haleyside, VT 58717-0196"
"Parker, Edwards and Hill","7264 Hill Junctions, Walshfurt, WY 40793-9152"
Lin-Adams,"74944 Cannon Spring Apt. 094, Gregorychester, LA 42565"
"Pena, Hurley and Ward","513 Bryant Wells, South Kenneth, CT 68555-1630"
"Patel, King and Rodriguez","57835 Amanda Mews, Smithbury, TX 92267"
Castro PLC,"1255 Kevin Field Suite 129, East Rebeccaview, AK 41091"
David-Lindsey,"6549 Rios Circles Apt. 152, North Amberland, ID 81894"
"Miller, Fry and Hill","7932 Hodges Drive Apt. 430, South Catherinemouth, CA 33518"
Yu-Smith,"5219 Dawn Prairie, Lake Jacquelinefort, PA 79703-8685"
Navarro-Ashley,"1269 Hall Plaza, West Nicole, KS 53023-3086"
"Hampton, Hall and Lowe","8963 Jacob Summit, Julieville, IA 80837"
"Kelly, Hernandez and Dalton","03022 Jeffrey Well Suite 953, Matthewmouth, CT 30155-5676"
Wood-Johnson,"Unit 5873 Box 1147, DPO AP 52677-7048"
"Griffin, Andrews and Taylor","133 Kevin Lakes Suite 914, Mossburgh, KY 01899-5309"
Johnson LLC,"7840 Christina Estates Apt. 087, South Amystad, KY 95797"
Simmons-Fox,"7717 James Meadow, Larrytown, WY 68634"
Burns-Pierce,"435 Clark Extension Apt. 656, Port Kevinview, AZ 88079"
Bray Inc,"601 Sharon Track Suite 756, Hopkinston, NY 22728-7738"
"Knapp, Williams and Pineda","049 Wendy Rue, Ericaside, AL 01416-0516"
Leblanc-Smith,"15909 Martin Corner, Bartonshire, CT 01248"
"Vega, Newman and Esparza","9501 David Courts Apt. 361, Doyleshire, TN 93873-7012"
"Bishop, Evans and Boyd","89989 Buck Ways, Hartmantown, HI 00310"
Moss Ltd,"832 Kelly Rue, Jamesside, MD 17060-4113"
"Day, Diaz and Chen","8301 Bender Garden Suite 916, Loganmouth, KS 27276"
Hall PLC,"746 Phillip Shoals, Emilyside, HI 11749-2667"
Flores Group,"3645 Taylor Ford Apt. 804, West Tamara, PA 99560"
"Stewart, Lopez and Moore","6836 Gabriel Flats, East Robertmouth, MN 17109-9129"
Fry-Fields,"6233 Miller Courts, Lanceland, RI 31006-9501"
Gilbert-Suarez,"10748 Wallace Station Suite 471, Port Rebeccaview, UT 59549"
Zhang-Mejia,"68825 Perez Wall, Lake Tyrone, NM 03457-4890"
Bowers-Hanna,"01551 Brown Brook, Dorothybury, LA 18273"
Ford Group,"7756 Davis Knoll Suite 594, Tammyfurt, PW 56885"
"Davidson, Rivera and Robinson","30868 William Canyon, Kevinton, VT 97091"
"Sanchez, Scott and Jensen","396 Carla Bridge Suite 511, Port Mary, AL 68925"
"Zavala, Lee and Nichols","4713 Tiffany Squares Suite 143, Wesleymouth, IA 55572"
Carroll PLC,"25136 Austin Lake, East Elizabethview, IL 22260"
Stafford and Sons,"268 Eric Fall Suite 636, Lake Terry, IA 84703-9191"
"Mills, Downs and George","2151 Clarence Lock Suite 297, Sawyerton, WV 86985-8905"
Taylor-Robinson,"77820 Morton Camp Apt. 627, Jamesmouth, ND 46310-0479"
Garcia Inc,"Unit 5968 Box 2004, DPO AA 07083-7743"
Hebert-Potter,"574 Chapman Ports Apt. 832, Craigland, GA 06375"
Welch and Sons,"5208 Hill Meadow, Lake James, OK 71278"
Sloan-Hayden,"76263 Renee Vista, West Brandyland, NJ 74936"
"Rodriguez, Mata and Castro","23326 Jones Ramp Suite 544, New Maxwell, AR 79887"
Bowman-Poole,"20398 David Mission Suite 023, Alvarezland, UT 10589-0806"
Mullins-Wilson,"34144 Alexander Squares, Pierceshire, IA 90592"
Jones-Johnson,"Unit 0801 Box 1113, DPO AP 34039-2593"
"Thompson, Jones and Becker","7725 Wright Ridge Apt. 516, Theresaview, KY 79778"
Oliver Ltd,"0886 Butler Mall Suite 648, West Patricia, WV 14379-9357"
"Flores, Cross and Cain","30959 Michael Place, Lake Meganhaven, ID 12817"
"Davis, Bowman and Vasquez","5875 Kelsey Bypass, East Samantha, NE 53774-0996"
Pena LLC,"89252 Salazar Spurs Suite 229, Ericton, CA 32755-9889"
Bell LLC,"99914 Angela Ports Suite 229, West Jacqueline, AR 06944"
Rosario-Espinoza,"5391 Myers Hollow, Walterstad, VI 20801-8416"
"Fleming, Wade and Weaver","142 Ray Gateway, Mckinneyborough, NV 11243-9438"
Sanchez-Jackson,"409 Hooper Underpass, Webbberg, PR 55135-8427"
Silva-Jones,"03613 Michele Causeway, South Harryview, SC 60740"
Wiggins-Oconnell,"075 Matthew Stravenue Suite 622, Bakerton, ID 01056"
Lopez-Nelson,"8797 Allen Overpass, Port Joannamouth, CO 39640"
Davis-Robinson,"511 Ronald Mountain, Deleonhaven, VI 50295-2353"
"Martin, Nguyen and Hardy","67451 Danny Prairie Apt. 173, New Maureenland, OH 98503-8308"
Saunders LLC,"81363 Gabriel Knoll, North Destinyberg, MH 67655-5834"
"Holmes, Jones and Tucker","PSC 3223, Box 2495, APO AP 34733"
Mitchell Ltd,"63484 Sarah Meadow, North Mollyside, IA 88181"
"Hernandez, Morgan and Turner","87748 Brown Fork, Port Annachester, SD 46118"
Wallace Inc,"0332 Cline Cliffs Apt. 124, Oconnorfort, MH 84792"
Silva-Cain,"4231 Cassandra Hollow Apt. 800, Carrollview, ID 40011"
Underwood-Mcdonald,"60502 Gutierrez Estates Suite 434, New Natasha, MI 67959"
Clark Group,"622 James Station, West Johnshire, UT 83341-4063"
Lopez-Brady,"477 Carolyn Stream, North Dana, NC 88590"
"Evans, Pham and Houston","758 Best View Apt. 998, Pamelafort, NH 79644"
Stanley-Robles,"9517 Travis Groves Suite 070, West Amandaberg, AL 71874"
"Kirby, Long and Krueger","2179 Jennifer Highway Suite 171, West Mary, DC 27231-2179"
Reese-Campbell,"878 Sparks Gardens Apt. 641, New Paula, IA 23935"
Turner-Clark,"9618 Conner Landing Suite 826, North Catherine, IL 09724"
Morrison-Fuentes,"16613 Brianna Corners Suite 551, West Carlos, MT 57200-4636"
Gonzales Ltd,"4419 Herrera Mountain Apt. 094, East Paul, VT 75348"
Juarez Group,"18583 Walker Cove Apt. 396, East Jasonstad, LA 79202-7596"
Graham-Copeland,"1188 Lee Avenue, New Joshua, HI 56077"
"Kirby, Avila and Bennett","PSC 1896, Box 7679, APO AP 30243"
Bernard-Scott,"45026 Raymond Drive Apt. 968, Timothyfort, ID 65400"
"Johnson, Ross and Porter","9337 Esparza Inlet, East Lisaview, MH 51215-3056"
Oconnor and Sons,"734 Thomas Expressway Apt. 782, South Briana, PA 10928-5673"
Kelly PLC,"2305 Levy Lake Apt. 290, East Susanton, OH 28280-7632"
"Hernandez, Bell and Palmer","1040 Flowers Highway, Port Madeline, LA 63069"
Brown and Sons,"00020 Brittany Land Suite 908, Lake Michaelview, CO 31994-0705"
Chang Group,"6684 Paul Alley Apt. 468, Jamesside, WA 97816-2290"
"Smith, Cooper and Smith","USNS Allen, FPO AE 81552-1507"
Carter PLC,"1127 Steven Park Suite 515, Ronaldmouth, FM 21001"
Reynolds-Howard,"35618 Bishop Lodge Suite 281, Lake Andrew, KS 22167-6649"
Ward Ltd,"PSC 6727, Box 2076, APO AE 16158"
"Jones, Strickland and Adams","22163 Cole Bridge, Manningland, VT 48026-6913"
Powell LLC,"180 Parker Village, Ericfort, FL 61376-1436"
Smith-Johnson,"80039 Haney Point, Roberthaven, ND 68428"
Dodson-Dixon,"78235 Gomez Trail, Port Megan, TN 04055"
"Thompson, Williams and Williams","2543 Colin Burgs, New Richard, NV 87980"
"Callahan, Reid and Gomez","19082 Martinez Field Apt. 250, New Andrewborough, RI 68271-7393"
"Harrington, Hamilton and Roberts","150 Crystal Heights, Helenfurt, VA 11669-6184"
Thornton-Wiley,"2484 Warner Plaza, Caseton, NJ 31678"
"Mason, Taylor and Friedman","128 Harris Vista, Elizabethchester, KY 87619-8988"
"Jackson, Cobb and Stewart","73336 Clark Ports, Jeffreychester, IN 82376-5548"
Monroe Ltd,"7838 Arthur Stream Apt. 428, Atkinsonland, MH 03706-7290"
"Wiley, Hensley and Mcdonald","52058 Michelle Well Apt. 237, North Brian, MI 73537"
Page Inc,"622 Gross Turnpike Suite 438, South Williamburgh, MI 09002"
Richardson-Stewart,"7772 Kylie Alley Apt. 004, Popebury, MS 18923"
Miller Inc,"55537 Michelle Throughway Suite 799, Valeriehaven, IL 55915"
"Woods, Burke and Simmons","5943 Joseph Pass Suite 189, East Sophiaview, ID 43722"
"Frank, Foster and Wood","0365 Lindsey Fords, Richardsstad, VA 83837-6716"
Rogers-Lee,"41264 Stokes Ridge, Robertland, TX 02554"
"Morales, Baker and Grant","43308 Kennedy Land Apt. 737, New Margaret, NM 77353-1135"
"Wang, Farrell and Hernandez","3493 Lawson Lock, Blankenshipburgh, NE 01692"
Haynes-Rowe,"185 Jasmine Fall Apt. 626, Lestershire, MH 52866"
Munoz Inc,"656 Michael Row Suite 992, North Sheila, SD 42750"
Hunter-Gill,"368 Medina Wells Apt. 863, Paulhaven, AL 10844-1339"
"Hill, Humphrey and Yates","08726 Dillon Road Suite 196, Ortegamouth, TN 77950-9441"
"Sampson, Schmitt and Johnson","67474 Paige Rapids Apt. 194, South Jenniferberg, KS 58691"
"Beck, Santana and Johnson","06093 Bruce Bypass, Angelashire, PA 68935"
Cain and Sons,"072 White Extensions Apt. 020, Gonzalezside, KS 79812"
Foster-Davis,"95274 Arnold Rest, Lake Kelly, MP 49179-9988"
"Salas, Irwin and Barnes","Unit 9284 Box 7396, DPO AA 25991-5073"
Potts PLC,"00781 Holly Land, Coffeyport, ND 57632-5962"
"Wilson, Johnson and Davis","0901 Steele Ranch Suite 889, Port Monica, IL 83867"
Bonilla-Hale,"66417 Christina Stream Suite 042, North John, MA 34088"
"Padilla, Humphrey and James","0230 Torres Islands Apt. 188, Alexandermouth, WA 19384-3499"
"Strickland, Barnes and Wright","0102 Church Spring Apt. 025, East Kennethville, NC 17157-9718"
Cruz-Hardy,"840 Flores Landing Apt. 995, Dominguezbury, NY 45540-1935"
Martin Inc,"4544 Perry Orchard Suite 853, Andersonbury, PW 47259-4722"
Avery-Johnson,"0418 Michelle Landing, North Elizabethport, MP 36470-9893"
Green PLC,"150 Michelle Expressway, West Josephland, PR 49979"
Robinson Inc,"75687 Green Burgs Suite 727, Ryanbury, TX 60943-7801"
Green-Reid,"96527 Copeland Hollow Suite 665, Lake Carlos, ME 98526"
"Hurst, Pacheco and Schwartz","768 Kevin Mountain Suite 273, Keithville, WI 25133-4842"
"Vargas, Scott and Campbell","3329 Mata Avenue, Lake Susanbury, KS 15823"
"Montgomery, Davis and Woods","5164 Mary Ways Apt. 114, Theresaland, MP 92108"
"Rodriguez, Jones and Salazar","620 Shawn Corner, Patriciashire, PA 63924"
"Parker, Coleman and Hodges","02250 Sanchez Garden, Port Latoyafort, TN 35761"
Herrera-Flores,"USCGC Morales, FPO AE 72830"
Whitney-Snyder,"43738 Caleb Fields Apt. 030, Whitneyfurt, MN 82667-1700"
Lopez-Lowe,"PSC 9599, Box 1977, APO AE 19215-2632"
Little-Wilson,"584 Tara Islands Apt. 264, Brownchester, GA 85714"
"Jones, Meadows and Dean","Unit 9776 Box 6947, DPO AE 90184-4298"
Graham and Sons,"46830 Edwards Pines Suite 238, North Samueltown, MS 27814-9530"
"Kim, Roberts and Stanton","6962 Craig Forks Apt. 746, South Shelby, DC 47542"
Bradshaw PLC,"45403 Howard Walk Suite 492, Jenkinsmouth, PW 28351-3429"
"Hammond, Hicks and Daniels","993 Peterson Ferry, Owensport, NM 54964"
"Parker, Cruz and Pineda","4935 Nathaniel Vista Apt. 013, Jonestown, SD 38669"
