Craig Diaz,"21955 Ruth Loaf, West Stephanie, WA 05103-3189"
Sara Johnson,"055 Susan Extensions, South Allenberg, GU 11551-2762"
Amanda Kramer,"90754 Sampson Crescent Suite 315, West Michelleshire, AR 35432"
Melissa Fields,"173 Fleming Garden, North Courtneyside, DE 21214-9045"
Melissa Dixon,"784 Donna Estates, West Nancybury, SC 26110"
Faith Garcia,"974 Barnes Key Suite 546, Moorechester, IL 46306"
David Curtis,"89684 Perkins Fork, East Denisemouth, AR 75127"
Shannon Meadows,"32918 Ryan Passage Suite 669, South Autumnstad, IL 07979-0011"
Roy Smith,"1058 Joshua Radial, North Kimberly, UT 56234-8452"
Brendan Phelps,"845 Bender Centers Apt. 603, North John, PA 99540-6718"
Kevin Gonzalez,"5435 Gomez Dam Suite 882, New Patrickstad, WA 25540-6131"
Melissa Campbell,"46786 Logan Summit, Lake Maria, DE 70550"
Patricia Lamb,"2383 Kevin Viaduct Suite 376, Perrymouth, NE 87998-7162"
Daniel Lee,"61410 Moore Trail Apt. 410, Brockbury, ME 22496-0788"
Erin Andrews,"1958 Shaw Stravenue, Williamsborough, ND 82349-4127"
Paula Bryant,"0403 Angela Island, Port Jacobshire, NC 95838-1150"
Paul Green,"66492 Wu Vista, North Gabrielle, MS 56964-5629"
Marcus Brown,"304 Bishop Spur Suite 868, Joborough, NE 09226-6502"
Lori Gonzales,"9656 Emily Rapids Apt. 622, Owensfort, VI 56828-0453"
Theresa Curry,"PSC 9827, Box 8826, APO AE 43644-9221"
Rebecca Ramirez,"99963 Thompson Point, Ramseyburgh, KS 55309"
Elizabeth Brown,"433 Koch Camp, West Gregoryside, PA 92065"
Edgar Mckay,"264 Claudia Tunnel, South Brian, DC 65723-0354"
Elizabeth Collins,"91696 Parker Extensions, Lake Stephen, MH 93157"
John West,"27404 Clayton Ranch Suite 570, North Adam, MD 81304"
Rebecca Mcgee,"5754 Stephen Plains, East Danielfort, DC 87527"
Kayla Reid,"12340 Montgomery Prairie, Claudiafort, NE 97932"
Joseph Robinson,"PSC 9556, Box 5696, APO AE 56668"
Oscar Mills,"6923 Edwards Street Suite 188, Lake Richard, CA 03314"
Kimberly Brown,"100 Robert Streets Apt. 915, Kevinport, ID 42165"
Eric Morris,"593 Jessica Manors, Geneburgh, AS 90897-6517"
Savannah Macdonald,"89636 Smith Ridges, Tarashire, SD 42114"
Melissa Petersen,"6945 Timothy Union Suite 030, South Eric, FM 02350-8443"
Ariel Griffith,"401 Rachel Oval Apt. 105, Martinshire, WV 47627-3426"
Kimberly Fernandez,"1523 Stevens Lodge Suite 151, Brauntown, SC 62586-2765"
Kelly Barnes,"400 Derrick Point Apt. 232, Thompsonland, NM 02805-6867"
Austin Young,"819 King Course Suite 122, Jonathanside, SC 41740"
Andrea Lyons,"496 Nathan Avenue, Mariebury, SC 89914"
Jonathan Fuller,"5072 Davis Neck Suite 659, Stacystad, WI 65334-6594"
Joel Edwards,"53700 Perez Locks Apt. 031, Philipville, WA 61704"
Erica Jensen,"607 Moody Hill Apt. 996, East Jennytown, DC 70760"
Kelly Terry,"USS Harris, FPO AE 86298"
Kelly Diaz,"619 Tina Center Suite 172, South Brian, NC 60783-6842"
Christopher Parker,"PSC 2140, Box 7623, APO AE 43968-4678"
William Ward,"3178 Cindy Orchard Suite 600, Port Jenniferberg, ND 01528"
Chad Knox,"PSC 1892, Box 3834, APO AA 87364-8879"
Jill Peterson,"556 Robert Dam Suite 005, West Angelshire, NC 89003"
Sheri Thompson,"8391 Copeland Forest, Lake Samuelville, NH 36223-7196"
Jordan Flowers,"55707 Natalie Locks, Ramirezborough, PR 07480"
John Garcia,"74454 Michelle Wall Suite 526, Graystad, CO 09805-8426"
Dr. Breanna Allen MD,"77742 Hernandez Mall, New Davidport, CA 08559-3330"
Derrick Reese,"4919 Ryan Mills Apt. 802, Lake Brandon, IA 63890-0413"
Alexandra Dominguez,"72966 Jennifer Forges, Williamsside, OK 97711-1510"
Kayla Brown,"USCGC Martinez, FPO AA 75235"
Diane Park,"49626 Davidson Parks, Lake Katherineview, ID 07714"
Stephanie Wood,"59013 Andrew Overpass, Hullside, HI 12742-4251"
Jessica Weeks,"USNV Brennan, FPO AP 54503-6307"
Pamela Vega,"9717 Bailey Wells, New Justin, AK 89606"
Dana Walker,"PSC 2003, Box 5647, APO AP 39144-7697"
Joy Martin,"8053 Lam Meadow, New Melvinport, PW 99653"
Patricia Burgess,"27148 Ramirez Turnpike Suite 454, East Daniel, ME 53518-5616"
Victoria Foster,"0207 Sanders Shores, Lauramouth, HI 36731"
Shawn Massey,"3428 Lisa Bridge Suite 524, West Reginaport, FL 67435-9823"
Joseph Williams,"934 Anthony Ridges Apt. 040, Cookside, MS 84468"
Nicole Contreras,"2956 Jones Corner Suite 758, Mariaborough, AK 61885-0081"
Heather Sanders,"5043 David Stream Apt. 621, Mccarthymouth, SD 89425"
Dawn Jackson,"20903 Mccarty Shoal Apt. 655, Youngmouth, FM 85130-4567"
Larry Cameron,"33531 Young Keys Suite 320, Monicafurt, MH 31815"
Elijah Johnson,"2639 Vincent Turnpike, West Kathryn, MP 41471"
Cristian Grant,"1890 Jordan Groves, Elizabethton, WA 92951-7909"
Kenneth Thompson,"941 Alexandria Drive Apt. 479, Melissahaven, AK 82445-3804"
Michael Cannon,"162 Michael Fort, Alisonshire, PW 18608-4592"
Paul Butler,"323 Robert Run Suite 924, East Vanessa, RI 79164-4285"
Wesley Price,"675 Stephanie Parkway Suite 921, West Jonathanhaven, MO 58661-7135"
Robert Mason,"0644 Tony Loop Apt. 529, Port Jeremy, TN 67137-6365"
David Ayers,"5929 Buckley Brooks Suite 084, Jeffreyside, OK 53232-9919"
Linda Garcia,"67993 Casey Drives Suite 970, Loganfort, TN 12256-7585"
Charlotte Carter,"16909 Brenda Creek, East Ashleyville, MN 77368"
Megan Jensen,"62996 Castillo Brooks, Harrisonland, MD 93519-2377"
Joshua Farmer,"1922 Tina Haven Suite 552, East Melinda, GU 11278"
Thomas Bass,"935 Harris Highway Apt. 184, North Leonard, VI 26461"
Justin Evans,"PSC 9070, Box 1419, APO AP 78520-1393"
Mark Price,"USNV Thompson, FPO AE 86400"
Kirk Harris,"0765 Day Estate, East Frankborough, NM 69160"
Stephen Barnett,"785 Michael Bypass, Robertport, OR 70196-4282"
Thomas Martin,"9302 Wiggins Haven Suite 836, South Lisa, WI 27255-3347"
Lisa Hayes,"5468 Reyes Crossing Suite 054, Lake Stephaniestad, NJ 15147"
Brett Cook,"058 Obrien Burgs Suite 260, Port David, PA 73925"
Kara Donaldson,"7385 Baker Green Apt. 655, North Dana, OR 94380"
George Boyd Jr.,"19379 Garcia Estate, Kennethfurt, AZ 53594-7158"
Melissa Nichols,"561 Peterson Orchard Apt. 163, Hayeshaven, DC 41672"
Stacey Gregory,"53421 Christian Lodge Suite 614, Lake Karaborough, IL 73223-6481"
Howard Norman,"PSC 0369, Box 8924, APO AP 87187-1733"
Cheryl Daugherty,"4927 Tucker Path Suite 179, Codymouth, MT 16298-9687"
Timothy Nunez,"22898 Gregory Freeway, South Jessica, HI 45193-6641"
Carlos Brown,"6165 Nelson River Apt. 893, South Amychester, AS 62354-6633"
Heather Little,"684 Crystal Flats, New Christina, OK 52133-6844"
Brianna Burton,"38304 Ramos Pines Apt. 702, Tammiehaven, HI 67664"
Bobby Fletcher,"155 Silva Junction Suite 651, East Gwendolyn, ID 34069-7383"
Brett Oneal,"767 Smith Falls Apt. 121, Donnaton, KY 59740"
Julian Graham,"5365 Williams Center Suite 343, Hughesfurt, SC 78140-4247"
Donna Boyer MD,"USNV Baldwin, FPO AP 73772-6047"
Brian Bartlett,"71320 Nicholson Ville, Deborahshire, ND 13661"
Brandon Mendez,"3743 Williams Mill Apt. 085, Port Kiaramouth, SD 25573-6826"
Matthew Pierce,"12242 Jacob Forest Suite 516, East Georgeside, WY 71189-6936"
Cathy Perez,"6643 Susan Ways Apt. 179, West Sabrina, AS 63499-7730"
Tammy Smith,"537 Timothy Gardens, Davidmouth, PR 87318"
Jerome Snyder,"PSC 1798, Box 2195, APO AP 66576-7669"
Stephen Gibbs,"18865 Frederick Plain, New Kara, FM 90362-3684"
Nicholas Carter,"58121 Randall Plaza, Rosshaven, KS 72189-7862"
Eric Gonzalez,"1657 Alyssa Plaza, Lake Michael, AL 89346"
Sheryl Keller,"999 Lance Glen, Port Josetown, IA 95773"
Jonathan Alvarado,"475 Arellano Fords Apt. 028, Steveport, MA 89706-9913"
Victoria Warner,"326 Christensen Landing Suite 610, West Denise, ME 44381-6996"
Taylor Contreras,"36318 Casey Highway, Taylorstad, NY 28034-8688"
Ryan Jones,"PSC 9610, Box 7189, APO AP 97646"
Sara Carr,"92663 Ortiz Locks, Browntown, NE 70109"
Melissa Cordova,"938 Chris Estates Suite 213, Port Christopherville, OH 89792-8272"
Lori Young,"4720 Kenneth Flat Suite 030, North Steven, NV 02192"
James Smith,"5170 Christopher Mount Suite 521, South Karen, AR 14526"
Joseph Herrera,"699 Oscar Islands, Port Elizabethburgh, WY 57586-4251"
Rodney Bond,"802 Benitez Groves, Wendyside, WY 32773"
Miss Karen Garza MD,"1617 Chavez Avenue Apt. 068, West Jennifermouth, PA 51670"
Craig Walton,"USCGC Scott, FPO AE 57581-2683"
Nicole Garrison,"02949 Wallace Walk, New Karen, OK 05376-6078"
Alan Nguyen,"6441 Michelle Underpass, North Victoriaside, KY 61363-3315"
Melissa Garcia,"366 Dominique Coves, Port Cynthiafurt, CT 71820"
Jessica Edwards DDS,"0008 Roy View, Carlosview, DE 71853-6563"
Jessica Wells,"5957 Gomez Dam Suite 272, Mariafurt, MI 31674-7599"
Allison Fowler,"082 Hernandez Port Apt. 522, Michaelburgh, MD 17818-8103"
Christopher Lopez,"29682 Simon Mountains, Evansfurt, AS 89013"
Jared Alexander,"3688 Davis Isle Apt. 431, Lemouth, VA 52582-8169"
Rebecca Gray,"04842 Darryl Crossroad, Traceyview, IA 82493-3329"
Melissa Smith,"4417 Payne Passage, New Roy, OH 30227-3775"
Donald Patton,"665 Levine Plaza Apt. 745, Watsonmouth, NE 78549"
Penny Burns,"019 Antonio Run Apt. 242, West Glen, TX 33813-5973"
Miranda Kelly,"95552 Hanson Passage Suite 200, Thomastown, MS 03099-7394"
Steven Wilson,"751 Le Court, North Michael, AR 77523-9183"
Jonathan Hall,"0823 Sullivan Dale Apt. 591, Port Nathan, VT 38070-0990"
Janice Clark,"PSC 2769, Box 5421, APO AA 26660"
Charles Barrera,"320 Howard Green Apt. 572, West Christine, WI 26705"
Martin Dean,"0820 Diana Wall, Lake Jamie, WY 64319-0791"
David Hahn,"0505 Greene Brooks Apt. 264, North Kelly, HI 87522"
Carl Michael,"68528 Reynolds Rue Suite 684, Wilcoxfurt, KY 54333"
Harry Heath,"649 Terry Valleys Apt. 494, Hernandezshire, AL 48295-9907"
Taylor Newton,"644 Mary Courts, New Margaret, NE 85234"
James Shaw,"9440 Samuel Station Apt. 796, New Jasonmouth, HI 35674-7269"
Justin Smith,"45504 Candice Courts Apt. 006, North John, NJ 69593-2297"
Johnny Luna,"961 Stone Tunnel, Melanieport, KS 51454-9350"
James Andrews,"2869 Leslie Junction Apt. 437, Carolmouth, VA 81231"
Jasmine Thompson MD,"724 Angela Creek Apt. 695, Port Sandraberg, MI 28354-5184"
Kimberly Taylor,"3619 Barnes Haven, Port Kenneth, NV 80882-8080"
Thomas Pearson,"2929 Wright Trail Suite 786, Robertville, NH 25451-0413"
Felicia Barron,"882 Bradshaw Trafficway, Hannabury, SC 60021"
Carlos Thompson,"3116 Jacob Port, Washingtonmouth, ND 49886"
Mr. Robert Brock,"550 Rachel Shores Suite 781, North Elizabeth, DE 02819-2080"
Rebecca Watts,"4980 Kimberly Mountains Suite 656, Savannahtown, CO 85311-8086"
James Meyer,"3822 Charles Garden Apt. 761, South Kimberly, NV 34674"
Patty Young,"PSC 7970, Box 5963, APO AA 98814"
Jennifer Mcdonald,"418 Cooper Stream, Marioland, NM 57712"
Gina Davis,"6570 Antonio Run Apt. 628, Michelleland, MP 45644"
Kenneth Valenzuela,"91753 Nguyen Street Apt. 595, Lake Maryfort, MD 53117"
Jeffrey Vincent,"277 Larson Skyway, Taylorshire, NE 65924"
Adrienne Taylor,"6872 Cody Stravenue, South Diamondshire, VI 71288"
Jennifer Blanchard,"58353 Catherine Rapids Suite 976, Ariasfurt, IA 97274-6342"
Brian Ortega,"2921 Amanda Vista, Elizabethchester, AK 78337-6992"
Carol Gibbs,"740 Thomas Rapids Suite 959, North Tyronestad, NE 85927-8937"
Emma Palmer,"446 Duran Crossing, West Frank, AK 65856"
Tracey Villanueva,"328 Horne Rest, Piercehaven, LA 11804"
Rachel Smith,"3848 Helen Field, Hoganside, NY 54981"
Michael Butler,"Unit 4675 Box 6869, DPO AP 13956"
Christine Morris,"Unit 7068 Box 9539, DPO AE 96309"
Samuel Lee,"485 Charlotte Lake, Tammyburgh, AR 62584-3713"
Amy Thomas,"08971 Michael Street Suite 433, Caseton, NJ 22514-5102"
Donna Steele,"743 Laura Field, Angelberg, VA 74126-4480"
Jared Turner,"374 Sherri Shoals Apt. 911, Port Andrea, FL 19201"
Sara Hopkins,"28485 Jared Meadow Apt. 753, Cookchester, ID 06279-1121"
Mary Evans,"461 Davis Harbors, Richardsonmouth, MO 72847-6397"
Ryan Anderson,"61598 Ruth Skyway, Richardville, DC 97060-2671"
Richard Reed,"15135 Cindy Parkways, North Micheleton, GA 92341-0846"
Brandy Davis,"93268 Mitchell Highway, Andrewsmouth, WA 12140-0101"
Denise Martin,"37017 Wesley Circles, Aprilmouth, NC 27091"
Michael Cardenas,"PSC 7812, Box 0478, APO AP 75495-2375"
Herbert Goodman,"485 Sawyer Ferry, South Adamborough, HI 07064-3552"
Jeremy Perry,"1455 Pacheco Centers Apt. 436, South Timothytown, LA 00935-8315"
Susan Curtis,"73699 Booker Causeway, Woodport, VA 94188"
Sarah Sanchez,"343 Phillips Harbor Apt. 427, Port Amber, KY 68757-1937"
Kenneth Morgan,"10684 Roman Valleys Apt. 782, New Lindseyview, MH 30084-1787"
Danny Smith,"01125 Colon Highway, Port David, PR 43698"
Tracy Herring,"4401 Vanessa Expressway, East George, MH 49332"
Kyle Cruz,"Unit 8356 Box 3817, DPO AP 77139-9529"
Michael Sherman,"18775 Dorsey Trail, New Christianchester, CO 16981-0409"
Michelle Richardson,"013 Bethany Locks Suite 107, Onealmouth, IN 84166"
Elizabeth Robinson,"58110 Brandon Wall, Jeremychester, NV 31551-5419"
Tricia Chase,"Unit 2968 Box 9410, DPO AA 87044-9421"
Vanessa Lopez,"37864 David Coves Suite 851, Mcmahonland, PW 91944"
Peter Fisher,"0815 Mitchell Glens, Robertsmouth, IL 96400-3053"
Haley Sullivan,"0534 Michael Ways Apt. 161, Campbellland, PW 77769-4645"
Joshua Dawson,"186 Christopher Ville Suite 634, Lake Mary, LA 15610-8813"
Spencer Velazquez,"PSC 2443, Box 3761, APO AA 93570"
Nicholas Edwards,"PSC 7205, Box 2078, APO AE 10894-7590"
Jerome Mcguire,"809 Michael Crossroad Apt. 116, Andrewsbury, CO 21843"
Samuel Barnett,"4800 Alyssa Inlet, Hodgeview, MA 53938-1470"
Colin Hayes,"PSC 4538, Box 0110, APO AA 02506"
Connie Foster,"182 Jeffrey Road, Annaville, VI 02001-0188"
Miss Anne Stevens,"6427 Evelyn Green, West Kathryn, ID 79886"
Joanne Hale,"837 Hamilton Rest, South Jessicaburgh, MD 60829-4266"
Catherine Wilson,"4016 Beth Loaf Suite 107, Lake Lisa, AL 90677-6913"
Jacqueline Leonard,"9257 Rodney Dam Apt. 979, Antonioshire, MT 11448-5957"
Sara Thompson,"448 Thomas Place Apt. 436, North Susanchester, OK 82885"
Joshua Mitchell,"Unit 2197 Box 8332, DPO AA 19077-5536"
Brittany Smith,"32375 Jennifer Plains, Cookbury, MO 19661-2578"
Timothy Montgomery,"455 Patricia Circles, Mirandaton, ID 31223"
Pamela Hudson,"145 Daniel Garden Apt. 721, New Laurie, IA 49444-4056"
Lee Martin,"33395 Acevedo View Apt. 220, Andrewside, MP 76271-3080"
Kayla Crawford,"88083 Tiffany Greens, North Kurtfort, UT 54673-2414"
Megan Johnson,"923 Rachel Field, Lake Nicole, PR 57541"
Matthew Riley,"837 Samuel Streets Suite 065, North Michelle, AS 29842"
Luis Hoffman,"PSC 0489, Box 4500, APO AE 38641-4011"
Michael Suarez,"888 James Harbor, Lake Michael, KY 07420-8082"
Alejandro Erickson,"41348 Delgado Track Apt. 769, Gordonmouth, WA 04290-8406"
Dennis Obrien MD,"82545 John Cove, Port Janicestad, IN 28102"
David Carroll,"7659 Hurst Manor, Lake Ashley, AS 90638-0437"
Patricia Keller,"USNV Walker, FPO AA 20649-3483"
Kerry Carter,"03146 Hatfield Crossroad Suite 496, Lake Alexandrafurt, AK 62678"
Mary Delgado,"Unit 5229 Box 8387, DPO AE 62612-7227"
Anna Fry,"7550 James Orchard Suite 104, Higginshaven, OH 78108"
Clinton Mason,"27745 Duffy Bypass, New Amanda, MD 96300"
Devin Clark,"47444 Juan Loop, Heatherland, FL 97982"
Brenda Walton,"2620 Roman Shoal, Grayhaven, NE 69732"
Hayley Welch MD,"431 Stewart Plains Apt. 929, Kathleenchester, AL 74008-9657"
Matthew Morris,"PSC 6239, Box 2800, APO AP 68885"
April Martinez,"Unit 2711 Box 8642, DPO AA 74547"
Justin Davenport,"74231 Tyrone Forest Apt. 910, New Michelle, VA 87832-3682"
Willie Davenport,"7097 Martinez Turnpike, East Jaclyn, TN 82463-4224"
Brian Flynn,"0590 Nancy Dam, Sotochester, ID 07722-3819"
Kaitlyn Jensen,"9381 Wood Lane Suite 443, Martinmouth, AZ 97635-8229"
Anthony Collins,"2792 Robert Avenue Suite 100, Kylechester, CO 80653-7730"
Douglas Hutchinson,"339 Brent Mission Suite 457, Victorchester, AZ 86977"
Richard Knight,"323 Michael Extension Apt. 391, South Tyler, PW 81600-4997"
Carolyn Garcia,"217 Murray Green Apt. 887, New Stephen, NV 86967"
Danielle Cervantes,"3629 Campbell Village Suite 077, North Jenniferport, HI 74120"
April Huerta,"041 Smith Knolls Apt. 411, Rebeccaborough, VT 76330"
Lisa Vega,"USNV Clark, FPO AA 05314"
Allen Jones,"6743 Gilmore Valley Apt. 627, Lake Leslieview, CO 08091-3118"
Daniel Jimenez,"0387 Sean Lock Apt. 144, Kristyberg, MO 48144-2076"
Eric Pierce,"7862 Gutierrez Ridges Apt. 279, South Annetteberg, CO 23869"
John Hess,"8981 Angela Route Suite 051, Lake Diamond, WI 31998"
Michael Bates,"65230 Evan Turnpike, South Barryview, ND 41932-0555"
David Sutton,"USS Foster, FPO AE 91703"
Jamie Smith,"1398 Moreno Manors, East Luis, AS 89908-5560"
Alexis Campbell,"31575 Maria Trace, Lake Noahborough, MS 77264"
Veronica Johnson,"908 Jacob Walk Suite 368, West Brianshire, KY 08675-1650"
Allison Mcguire,"721 Megan Rue Apt. 397, Maryland, ME 09486"
Barry Dixon,"781 Stephens Mountains, Charleston, MS 37811"
Lindsey Brown,"Unit 8737 Box 1013, DPO AP 41247"
Ethan Stark,"577 Michael Avenue Apt. 930, East Tara, OH 00861"
Deanna Miller,"2307 Jenny Crossing, North Sara, OR 10602-8181"
David Mercer,"194 Johnathan Vista, Hamptonmouth, CT 89336"
Derek Martinez,"857 Fox Rapid, Melanieton, IN 18423-7735"
Belinda Spencer,"630 Mccarty Brook, East Mollyfurt, WY 18677"
Kristine Meyer,"4628 Brandon Hollow, Downsmouth, MS 51198"
Matthew Wells,"75198 Brown Circles, Ericabury, PR 08607"
Kyle Colon,"14417 Smith Dale, West Davidville, LA 17173"
Joe Garza,"32838 Jerry Grove Suite 069, Lake Marychester, PR 67971-7174"
Amanda Lara,"62490 Jeffrey Park Suite 998, East Erica, CT 09238-4351"
Tara Hart,"4114 Heidi Corners, West Derrickmouth, NJ 44738"
Mark Cross,"03187 Russo Ranch, East Ericside, AS 86460-5704"
Ann Martin,"93299 Atkinson Neck, New Charlestown, OK 75072"
Tammy Johnson,"9556 Lori Valleys Suite 602, Amyton, KY 02676"
Alexandra Hansen,"779 Colton Canyon, Port Jon, VI 24614"
Gregory Lewis,"0119 Juarez Cove Suite 610, North Matthew, CO 29657"
Joseph Martinez,"6246 Clay Mountains Suite 366, South Rebecca, AR 28995-4893"
Ethan Campbell,"25251 Dean Tunnel, Port Matthew, MP 53665-0678"
Travis Pearson,"47473 Christopher Skyway, Danielside, VT 26650-6528"
Carla Dalton,"5302 Alicia Plaza, Greeneport, PW 95606-9320"
Jason Stevens,"PSC 9287, Box 8427, APO AE 17214-5017"
Paul Wong,"68592 Timothy Drive Apt. 111, Lake Phillip, NE 33220-7551"
Jennifer Smith,"80820 Kevin Stravenue Suite 032, North Mistyshire, OH 57979"
Brittany Stewart,"02749 Chase Vista, Gomezport, IN 64169"
Mary Dennis,"355 Larson Greens, New Joelmouth, SC 61047-1946"
Anna Rodriguez,"7315 Harvey Expressway, Collinside, AR 99172"
Wanda Clay,"4993 Wendy Turnpike Suite 657, Eugeneview, NC 00959"
Michael White,"2807 Young Knoll, Adamschester, FL 65404-0075"
Victor Mcgee,"050 Bob Island, East Jenniferside, IA 14039-3278"
Allen Phelps,"6918 Hoffman Route, Melanieton, GU 34828-3337"
April Johnson,"6957 Rachel Cape Suite 516, East Jacob, WY 07480-1295"
Jason Ward,"61077 Cindy Roads Suite 779, Port Alexandraberg, HI 16085"
James Hutchinson,"5926 Leah Dale Suite 313, Davenportchester, PA 17754-7263"
Melanie Ferguson,"252 Wood Island, Lake Joshuabury, MP 02356-4399"
Patricia Snyder,"Unit 9147 Box 0443, DPO AE 22326-2281"
Kyle Miller,"7626 Matthews Harbors Suite 034, Kevinshire, IN 64640"
Alicia Fuentes,"3842 David Walk, Moorehaven, MS 23105-4695"
Candice Chang,"1214 Flynn Brooks, South Shelleyfurt, MH 48202"
Alexis Gilbert,"762 Diane Rapids, Elliotttown, PW 19499-9030"
Wesley Bowman,"63856 Hughes Expressway Apt. 151, West Jimmyborough, VT 43291-6869"
Nathan Dean,"6911 Pittman Squares, Figueroaport, MN 76899"
Jon Simpson,"4084 Ramirez Isle Apt. 888, Matthewton, MP 21184-7433"
Eric White,"4857 Brad Passage Apt. 406, East Thomas, AS 24619"
Bruce Gay,"0307 Cowan Ridges Apt. 277, West Wesleymouth, WY 33303"
Sarah Dillon,"035 Rogers Squares, Oscarstad, AK 58929-7157"
Sean Morris,"694 Delacruz Shores Apt. 488, Beltranfurt, NM 91842-1763"
Rachel Brooks,"71401 Duke Walks Apt. 058, Brownberg, GU 39771-1312"
Jacob Roberts Jr.,"73645 Rhodes Junction Suite 840, Jamesfort, WV 87816-8090"
Christopher Hansen,"4762 Joyce Fort, Port Timothytown, LA 15745-9249"
Joshua Ingram,"7526 Vasquez Rapids, Lake Kimberly, WY 18073"
Katrina Myers,"8052 Johnny Courts, Chelseymouth, ID 53673"
Kenneth Sampson,"221 Phillips Ways, North Rhondastad, PR 82512-8851"
Lisa Gray,"0563 Joel Ways Suite 811, West Annetteburgh, UT 66099"
Richard Knapp,"835 Julie Plains Apt. 009, Whitneystad, WV 44270-5835"
Bradley Richards,"874 Harrison Mountains, West Jackfort, CO 04950-3416"
Emily Wilcox,"88761 Chang Views, Lake Ashleytown, ND 75613-1339"
Steven Williams,"PSC 8812, Box 2346, APO AP 17295"
Lisa Case,"334 Blevins Cliff, Jacksonville, MA 01367-4395"
Amber Shields,"USCGC Villa, FPO AP 45804-2069"
Patrick Martin,"0331 Douglas Haven Apt. 476, Kathyland, FM 42992"
Jason Martinez,"908 Brian Ville, East Carl, NM 55565"
Cindy Meyer,"142 Sharon Courts, West Elaine, SD 61093-9955"
Antonio Mills,"0983 Gonzalez Wells, South Danielle, VA 36477-4175"
Michael Golden,"98476 Williams Trail, Woodardmouth, CA 86325"
Jeffrey Thomas,"5430 Andrews Knoll, New Michael, NC 68253"
Jacob Harris,"3064 Kim Canyon Apt. 952, New Tristan, VI 57877-2314"
Gabriel Thompson,"6803 Howard Trafficway Suite 323, Phamfort, ND 10254"
Jeremiah Duffy,"7549 Farmer Ridge, Rosston, HI 08640"
Jeremy Torres,"62678 Spencer Summit, Port Thomasfort, NV 69128"
Erik Davis,"784 Chavez Spring Suite 234, Scottview, PA 57114"
Angel Johnson,"9901 James Circle Apt. 325, North Seanhaven, LA 28134-9844"
David Gonzalez,"53092 Jessica Tunnel Suite 990, Robertston, RI 72607"
Angela Rich,"PSC 2740, Box 6124, APO AP 66969-3756"
Wesley Lopez,"76746 Watson Rest, East Paulaport, CA 37485"
Curtis Terry,"6551 Michael Trace, Bennettfort, OR 37769"
Charles Merritt,"8014 Kayla Wells, Bartlettbury, FL 97449"
Rachel Grant,"929 Bates Light Suite 340, Port Katherineside, LA 73804-0213"
Monica Chung,"1756 Michael Crest, South Adamfurt, KY 67093-5430"
Michael Garcia,"Unit 6837 Box 0608, DPO AA 20636-7663"
Victor Gilbert,"183 Nguyen Viaduct, Martinezfurt, IN 34140"
Amber Mueller,"76244 Smith Terrace Suite 641, Port Lori, IA 79048"
Michael White,"0199 Robyn Junctions Apt. 983, Turnerfort, DC 62802"
Randy Thomas,"892 Corey Hill Apt. 105, Cortezfort, MO 25676-4981"
Alicia Wagner,"7538 Arthur Streets, Port Kevinstad, VT 71711"
Krista Gilmore,"PSC 7069, Box 9743, APO AE 39907-1488"
Ryan Castillo,"453 Jones Road, Bowmanview, CA 77157-4502"
John Snyder,"5958 Jason Village Suite 466, South Luis, OK 19163-7001"
Jeremy Holmes,"99177 Bryant Groves, East Connieport, LA 42537-8176"
Sylvia Watson,"97441 Rebecca Squares Apt. 001, North Robertmouth, RI 63785"
Larry Harrison,"6138 Cook Prairie Suite 333, Port Stephanie, TX 47248-7476"
James Hamilton,"USS Wright, FPO AP 96169-7774"
Morgan Gutierrez,"50799 Cohen Villages, North Patrick, CO 61498-4073"
Erin Hansen,"33749 Matthew Ranch Apt. 813, Johnview, WY 67761-5092"
Christopher Owens,"21499 Jacob Crossroad, Brianport, SC 69760"
William Sims,"9470 Black Station Suite 161, Davidtown, NJ 90242"
Dr. Danielle Thomas,"949 Butler Garden, South Jasmineville, AR 78389"
Jessica Howell,"109 Kristen Ports Apt. 817, South Vincentmouth, NY 78757-0702"
Jeffrey Paul,"648 Brooks Glens, Newmanchester, FL 50110"
Patricia Koch PhD,"846 Vickie Pines Apt. 909, East Christopherborough, MP 29010"
Kenneth Cummings MD,"25396 Peters Ramp Suite 932, North Rodneyport, MA 49610"
Samantha Shaffer,"779 Allen Course Suite 747, South Chad, MH 06662-0194"
Sheena Caldwell,"917 Levi Summit, Rebeccaport, NH 76948-1922"
Dr. Stephanie King DDS,"618 Mccormick Ridges, East Elizabethville, MD 67955"
Rebecca Perez,"2910 Baldwin Stravenue Suite 318, Gallowayport, MT 74636-7371"
Christopher Johnson,"8445 Norman Neck, Susanport, PR 43021"
Joseph Hill,"88682 Richard Dam, Lake Deniseview, AK 47411"
Natalie Francis,"582 Hurst Drives, Bobbytown, AK 47218-6689"
Jose Garcia,"Unit 9854 Box 4632, DPO AA 35030"
Sabrina Hampton,"453 Jessica Grove, Bradleybury, MN 89841"
Gregory Mckenzie DDS,"PSC 2279, Box 0986, APO AA 29000"
Christopher Reed,"38514 Maxwell Corners, Theresabury, DE 67423-7870"
Adam George,"PSC 1514, Box 2082, APO AE 93023"
Erika Bright,"0771 Mary Forges, Mooreborough, TX 37469-0745"
Brett Johnson,"97175 Watson Islands Apt. 760, Dominiqueville, WA 73114"
Nicole Mcneil,"22130 David Meadow, Moranmouth, AL 09074"
Jordan Martinez,"30197 John Keys, New Caitlin, AZ 04443"
John Rhodes,"089 Zachary Field Apt. 597, Jasonside, FM 82433"
Emily Garza,"8486 Lori Junctions Suite 955, Cookeview, NM 81951-3466"
Daisy Cohen,"295 Tracey Well, Jacksonmouth, MA 82691"
Rhonda Mcfarland,"Unit 5604 Box 3529, DPO AP 34858-7705"
Bianca Huber,"711 Butler Corners Suite 216, South Ashley, OK 72148"
Wendy Gutierrez,"8517 King Street Suite 434, New Jasonbury, MD 45237"
Crystal Gonzalez,"136 Christy Manor Suite 633, New Jordan, CA 69266"
Carlos Hicks,"091 Patterson Station Suite 120, Ruizberg, NM 59795-9443"
Pamela Moore,"6578 Humphrey Drives Apt. 514, North Amanda, KS 55492-2686"
Barbara Blair,"9657 Travis Ford Apt. 508, Henryberg, AR 40329-4464"
Eric Little,"1515 Karen Orchard, Port Rebeccaburgh, KS 14198-5159"
Tina Mayer,"21331 Frederick Walks, Sotoville, MH 89313-8480"
Scott Gallegos,"82068 Michael Causeway Apt. 465, Kimmouth, PR 53157"
Julie Goodwin,"35548 Sanford Plaza Apt. 971, North James, GA 22992-3529"
Jennifer Trujillo,"PSC 8299, Box 7741, APO AA 45694"
Michelle Colon,"8118 Roach Lake Apt. 971, West Rebecca, MS 25396"
Mark Anderson,"9172 Perez Plains Suite 879, South Seanmouth, AS 43637"
Allison Flores,"084 Oneill Track Suite 085, Mcfarlandstad, WV 57961"
Kyle Douglas,"3065 Patricia Mission, North Christiantown, AL 94708-0533"
Casey Jones,"43611 Mcgee Street Suite 349, Myerstown, MP 64479-2290"
Vernon Gilmore,"068 Tiffany River Apt. 295, Christinaburgh, NV 98295"
Christopher Parker,"784 Zavala Island, Jacquelinechester, NV 75598-0265"
Carlos Rivas,"173 Turner Squares, Brownhaven, NJ 17218"
Ryan Baxter,"USNS Peterson, FPO AP 18904"
Michelle Jackson,"046 Day Mission, Lake Michelle, KS 05072"
Angela Hardy,"564 Williams Branch, South Julieview, NC 78458"
David Kelly,"588 Tran Prairie, Delgadoview, CO 42642"
Melanie Meyer,"86408 Carl Lodge Suite 034, Port Steven, IA 94380"
Kimberly Walter,"Unit 1979 Box 3947, DPO AA 68985-0954"
Daniel Jackson,"36062 Martinez Bypass Suite 703, Andersonside, GA 14595-9110"
Diane Leon,"1239 Chase Estates, North Davidshire, FM 58079-8494"
Michelle Sweeney,"17009 Gilbert Extensions Apt. 970, New Gabriel, VI 74461"
Candace Edwards,"05910 Gates Isle Suite 233, Jacksonland, TN 37176-4330"
Diana Quinn,"04732 Poole Brook Suite 826, Michaelfurt, KY 53337-8004"
Stephen White,"018 Booth Squares Suite 440, Morganfurt, TX 08470-0306"
Brett Atkins,"USCGC Reed, FPO AA 52460"
Robin Cole,"77588 Rodriguez Islands, Lake Stephanieburgh, TN 73035"
Robert Ashley,"USNV Walters, FPO AE 82247-7176"
Lauren Goodwin,"843 Roman Forks, Moraborough, NY 59095"
Christopher Santiago,"9334 Tracey Gateway, Amandaville, VA 88572-8599"
Marissa Walters,"USS Hess, FPO AE 19573"
Michael Morris,"36589 Edwards Village, Catherinebury, ID 22353-7254"
Shannon Cardenas,"Unit 5748 Box 7575, DPO AA 41030-4715"
Kristi Munoz,"776 Anderson Course, Mooreview, SC 15396"
Jeffrey Roberts,"28040 Alvarez Curve, Gregorystad, IN 68852-9196"
Elizabeth Williams,"PSC 1273, Box 5065, APO AE 34718-6757"
Nancy Miller,"52857 Brown Station Apt. 823, Figueroastad, GA 85646"
Andrea White,"0319 Townsend Glen, Kingfort, OR 94172-4666"
Carla Hill,"4602 Alexis Cliff, South Jeffreyton, KS 20117-0755"
Alexandra Smith,"848 Christopher Flat Suite 313, Kelseyland, ID 59319-9241"
Kristen Hunter,"9399 Smith Union Apt. 665, South Catherineville, DE 15152"
Alison Campos,"268 Katherine Estate Apt. 070, West Carrietown, AR 71431-9550"
Hannah Estrada,"05200 Jessica Common, Jordanside, RI 27560"
Bradley Johnson,"USCGC Mathis, FPO AP 24959-2788"
James Mcbride,"Unit 5583 Box 6039, DPO AE 52232"
Chelsea Wright,"10750 Brandon Green, West Brianshire, KY 65211"
Joshua Ingram,"69296 Susan Key Suite 032, Lake Gregory, SC 18206"
Tami Lane,"5667 Ritter Centers, East Jeffrey, AZ 77081-6574"
Kimberly Turner,"338 Taylor Gardens, West Jessica, IL 96831-9354"
Hannah Ramos,"80744 Butler Lane, New Brandi, OH 15705-4172"
Paul Jacobson,"5464 Ryan Ways, Port Shariside, TN 84721"
Kimberly White,"151 Adams Gateway, Seanside, KY 82234"
William Nelson,"0185 Goodwin Junction, New Gabrielle, TN 41554-1508"
Jacob Lucero,"920 Daniel Shores, South Derek, NE 08234-3969"
David Peters,"651 Sandra Ways Apt. 591, New Carmentown, WV 45421"
Jennifer Wilson,"6863 Marissa Ramp, New Ashley, UT 16160"
Stacey Wells,"20770 Koch Run Apt. 249, Jamesmouth, MH 37829"
Judy Martinez,"USCGC Hunter, FPO AP 07814"
Vicki Huynh,"161 Harold Plain, Cassandraville, OR 52284"
Kathryn Chapman,"964 Edwards Cove, North Anna, NY 48632-9094"
Caroline Mcmillan,"USS Sims, FPO AP 01545-2931"
John Ward,"482 Saunders Points Apt. 656, Stephenston, WV 05422-1343"
Laura Gray,"Unit 2886 Box 6067, DPO AP 89175"
Pamela Smith,"25737 Malik River Apt. 446, Jasonview, CT 02092-5287"
Linda Young,"3020 Kristen Dale Suite 289, Justinberg, DE 69352"
Molly Garcia,"84911 Manuel Ways, North Heather, UT 28125-6655"
Brianna Fitzgerald,"955 Anthony Drive Apt. 383, South Terri, NJ 20909"
Gerald Johnson,"1368 Christopher Cliff Suite 683, South Sherri, IL 00295-6397"
Eric Murray,"PSC 5873, Box 2499, APO AE 74119-4785"
Jennifer Garner,"380 Abbott Wall Apt. 924, Kimberlychester, DC 90537"
Richard Taylor,"264 Betty Green Suite 795, Lake Rita, MN 22589-3592"
Angela White,"64801 Roberson Brook, Katherinefurt, MO 80922"
Gregory Hodge,"USS Webb, FPO AE 19910"
Daniel Atkins,"0161 Hill Plaza, Port Debbiebury, GA 31412"
Zachary Lopez,"PSC 5115, Box 5554, APO AP 94542"
Pamela Anderson,"8338 Bennett Lodge Suite 146, Georgeville, AS 09712"
Ernest Morales,"411 Raymond Club, Sonyaport, ME 00951-4008"
Abigail Grant,"97127 Simpson Ports Apt. 536, Lake Tiffanyhaven, UT 78251-3032"
Anthony Cole,"843 Nicole Route Suite 014, Mooreview, IA 97666"
Cassandra Patterson,"Unit 9319 Box 1783, DPO AP 91085-8980"
Michaela Lopez,"83444 Michael Route, Nicoleside, NH 99847"
Amy Davis,"Unit 2207 Box 8726, DPO AE 57333"
Eddie Moon,"74396 Sara Station, Lake Lauren, MO 67197-8889"
Amy Bowman,"1813 Nguyen Shore, Brownstad, NH 77390"
David Davis,"USNV Robinson, FPO AP 53443"
Miss Hailey Allen DVM,"7003 Laura Center, Lynnburgh, ME 80769-5884"
Dustin Fitzpatrick,"07344 Sarah Green, North Ethan, HI 11163"
Laura Smith,"PSC 5708, Box 9854, APO AP 75480"
Ryan Jones,"1922 Brewer Street, West Theresashire, OR 89014-1903"
Mark Jacobs,"198 Ray Inlet Apt. 174, New Jennifer, WY 62007-6447"
Monica Brady,"720 Peck Park Apt. 789, Lake Joseph, NM 96301"
Elizabeth Hall,"456 Zachary Wells, Morganmouth, TN 59495-0095"
Richard Gomez,"152 Saunders Key Suite 107, Lake Paul, FM 59939"
Ashley Williams,"738 Alexandra Track Suite 641, South Colleenborough, NE 18741-7264"
Dennis Bell,"31199 Brooks Camp Suite 540, Bernardland, CA 98276-4743"
Matthew Wise,"32115 Kyle Corners Apt. 447, South Stevenmouth, IA 29165"
Lori Friedman,"097 Williams Station Suite 854, Port Michaelburgh, UT 75265-8057"
Luis Lewis,"053 Rivera Wall Apt. 347, Jacksonmouth, MS 09704"
Dawn Ruiz,"63321 Deborah Stream, Amberton, PW 86152-1580"
Angela Sampson,"706 Judith Parks, South Donaldberg, GU 93099"
Lisa Flores,"366 Holmes Motorway, East Jessicaport, CT 27733-1508"
Stephanie Rivera,"674 Chelsea Mountain Suite 415, East Jamesborough, FL 06516-8066"
Timothy Baker MD,"91684 Murray Islands, Howardshire, MH 15260-2450"
Justin Brown,"9035 Alec Estate, New Rebeccaton, MA 78806-2037"
Alexandra Reed,"04482 Sandra Stream Suite 174, West Deborahside, VT 86202-9517"
Dana Mcdonald,"7427 Leah Plains, East Markfurt, WV 08265"
Christopher Vincent,"80170 Amy Parkway Suite 545, Port Ann, AZ 17846"
Gregory Watson,"45457 Carroll Viaduct, Booneside, AZ 32658-5782"
Andrew Houston,"97141 Troy Cove, Port Dennis, NV 62567"
Brian Chaney,"137 Foster Drive Apt. 168, South Robertburgh, MD 65045-7151"
Samantha Mullen,"5332 Brown Branch, East Leslieview, RI 22406"
Rachel Lee,"44704 Jasmine Pines Apt. 126, South Peterland, AL 96794-1780"
Alisha Calderon,"07002 Davis Inlet Apt. 029, New Melanie, GA 40729"
Matthew Brooks,"996 John Mews, Crosbyville, VI 89477-8989"
Bruce Harrison,"81255 Victoria Rest, South Tinafort, GU 90194"
Tracy Stanley,"8562 Mata Pines, Johntown, GA 63779"
Sarah Gill,"7884 Ochoa Pass, North Kelly, MP 67519-9928"
Heather Powell,"0912 Gaines Flats Apt. 213, South Sandra, OK 92501-7997"
